day,state_time,L5_files,L6_files,metadata_active_bytes_reconstructed,pending_last,pending_max,move_median_ms,L6_moves,flush_bytes,source
2025/08/20,2025/08/20-23:59:26.250910,564,144418,185010426134,0,8591867133,248.165,19609,158910499374,"['LOG.old.1755783402304353', 302943]"
2025/08/21,2025/08/21-23:59:52.152011,574,166571,191848185341,0,8455952687,301.35499999999996,24003,187217740936,"['LOG.old.1755911764029999', 152313]"
2025/08/22,2025/08/22-23:59:49.386636,577,187611,209224060905,0,8225051051,346.24399999999997,23045,182310470709,"['LOG.old.1755911764029999', 493707]"
2025/08/23,2025/08/23-23:59:03.462279,587,208426,222621949931,0,9291141255,390.595,22981,181397691504,"['LOG.old.1756045408725528', 316034]"
2025/08/24,2025/08/24-23:59:59.104239,588,230419,239809327264,0,8629381900,434.26149999999996,24024,182617856671,"['LOG.old.1756161609978450', 137032]"
2025/08/25,2025/08/25-23:59:58.994046,621,260131,288449945296,240533219,8991296407,491.43199999999996,31468,216531561337,"['LOG.old.1756262462750432', 22819]"
2025/08/26,2025/08/26-23:59:17.391079,647,296738,328044731154,0,12117426325,570.6535,38300,226989421176,"['LOG.old.1756262462750432', 467071]"
2025/08/27,2025/08/27-23:59:59.878118,671,335325,362240814034,9067696241,12198282455,652.531,40425,208857523458,"['LOG.old.1756370465193872', 377751]"
2025/08/28,2025/08/28-23:59:59.052741,740,373871,407190999892,2055162397,11478963872,736.582,40173,187397660872,"['LOG.old.1756485340707764', 255510]"
2025/08/29,2025/08/29-23:59:59.915415,1026,411403,458208957478,5938946726,12373055830,823.061,39224,179811392772,"['LOG.old.1756617888942403', 110018]"
2025/08/30,2025/08/30-23:59:59.224116,1519,436111,504060223681,2697993593,14769043677,888.428,26333,170419920716,"['LOG.old.1756617888942403', 455644]"
2025/08/31,2025/08/31-23:59:58.212161,5058,456276,555053526250,11018260566,27373093088,1902.6270000000002,21716,176654473482,"['LOG.old.1756727109721518', 317449]"
2025/09/01,2025/09/01-23:59:59.040521,26461,478684,613743411329,119895063379,137266036199,3744.8765000000003,22749,182446089214,"['LOG.old.1756810878605430', 303214]"
2025/09/02,2025/09/02-23:59:58.969539,54189,499444,674060788542,170826713352,276781572127,4784.151,21706,179219689400,"['LOG.old.1756858854264402', 1382491]"
2025/09/03,2025/09/03-09:24:56.488461,0,1153,84339384456,0,199549428516,5211.249000000001,17470,62316266743,"['LOG', 808923]"
